Category,Route Name,Route Link
KAAC,Diphu to Guwahati,https://www.redbus.in/bus-tickets/diphu-to-guwahati
KAAC,Bokolia (assam) to Guwahati,https://www.redbus.in/bus-tickets/bokolia-assam-to-guwahati
KAAC,Guwahati to Diphu,https://www.redbus.in/bus-tickets/guwahati-to-diphu
KAAC,Dokmoka to Guwahati,https://www.redbus.in/bus-tickets/dokmoka-to-guwahati
KAAC,Langhin (assam) to Guwahati,https://www.redbus.in/bus-tickets/langhin-assam-to-guwahati
KAAC,Guwahati to Dokmoka,https://www.redbus.in/bus-tickets/guwahati-to-dokmoka
KAAC,Guwahati to Langhin (assam),https://www.redbus.in/bus-tickets/guwahati-to-langhin-assam
KAAC,Guwahati to Bokolia (assam),https://www.redbus.in/bus-tickets/guwahati-to-bokolia-assam
KAAC,Diphu to Hamren,https://www.redbus.in/bus-tickets/diphu-to-hamren
KAAC,Manja (assam) to Guwahati,https://www.redbus.in/bus-tickets/manja-assam-to-guwahati
KAAC,Diphu to Guwahati,https://www.redbus.in/bus-tickets/diphu-to-guwahati
KAAC,Bokolia (assam) to Guwahati,https://www.redbus.in/bus-tickets/bokolia-assam-to-guwahati
KAAC,Guwahati to Diphu,https://www.redbus.in/bus-tickets/guwahati-to-diphu
KAAC,Dokmoka to Guwahati,https://www.redbus.in/bus-tickets/dokmoka-to-guwahati
KAAC,Langhin (assam) to Guwahati,https://www.redbus.in/bus-tickets/langhin-assam-to-guwahati
KAAC,Guwahati to Dokmoka,https://www.redbus.in/bus-tickets/guwahati-to-dokmoka
KAAC,Guwahati to Langhin (assam),https://www.redbus.in/bus-tickets/guwahati-to-langhin-assam
KAAC,Guwahati to Bokolia (assam),https://www.redbus.in/bus-tickets/guwahati-to-bokolia-assam
KAAC,Diphu to Hamren,https://www.redbus.in/bus-tickets/diphu-to-hamren
KAAC,Manja (assam) to Guwahati,https://www.redbus.in/bus-tickets/manja-assam-to-guwahati
KAAC,Guwahati to Manja (assam),https://www.redbus.in/bus-tickets/guwahati-to-manja-assam
KAAC,Diphu to Jagiroad,https://www.redbus.in/bus-tickets/diphu-to-jagiroad
KAAC,Guwahati to Hamren,https://www.redbus.in/bus-tickets/guwahati-to-hamren
KAAC,Diphu to Donka,https://www.redbus.in/bus-tickets/diphu-to-donka
KAAC,Hamren to Diphu,https://www.redbus.in/bus-tickets/hamren-to-diphu
KAAC,Donka to Diphu,https://www.redbus.in/bus-tickets/donka-to-diphu
NBSTC,Kolkata to Siliguri,https://www.redbus.in/bus-tickets/kolkata-to-siliguri
NBSTC,Siliguri to Kolkata,https://www.redbus.in/bus-tickets/siliguri-to-kolkata
NBSTC,Siliguri to Darjeeling,https://www.redbus.in/bus-tickets/siliguri-to-darjeeling
NBSTC,Raiganj to Kolkata,https://www.redbus.in/bus-tickets/raiganj-to-kolkata
NBSTC,Kolkata to Raiganj,https://www.redbus.in/bus-tickets/kolkata-to-raiganj
NBSTC,Kolkata to Cooch Behar (West Bengal),https://www.redbus.in/bus-tickets/kolkata-to-cooch-behar-west-bengal
NBSTC,Malda to Kolkata,https://www.redbus.in/bus-tickets/malda-to-kolkata
NBSTC,Kolkata to Malda,https://www.redbus.in/bus-tickets/kolkata-to-malda
NBSTC,Cooch Behar (West Bengal) to Kolkata,https://www.redbus.in/bus-tickets/cooch-behar-west-bengal-to-kolkata
NBSTC,Cooch Behar (West Bengal) to Berhampore (West Bengal),https://www.redbus.in/bus-tickets/cooch-behar-west-bengal-to-berhampore
NBSTC,Kolkata to Siliguri,https://www.redbus.in/bus-tickets/kolkata-to-siliguri
NBSTC,Siliguri to Kolkata,https://www.redbus.in/bus-tickets/siliguri-to-kolkata
NBSTC,Siliguri to Darjeeling,https://www.redbus.in/bus-tickets/siliguri-to-darjeeling
NBSTC,Raiganj to Kolkata,https://www.redbus.in/bus-tickets/raiganj-to-kolkata
NBSTC,Kolkata to Raiganj,https://www.redbus.in/bus-tickets/kolkata-to-raiganj
NBSTC,Kolkata to Cooch Behar (West Bengal),https://www.redbus.in/bus-tickets/kolkata-to-cooch-behar-west-bengal
NBSTC,Malda to Kolkata,https://www.redbus.in/bus-tickets/malda-to-kolkata
NBSTC,Kolkata to Malda,https://www.redbus.in/bus-tickets/kolkata-to-malda
NBSTC,Cooch Behar (West Bengal) to Kolkata,https://www.redbus.in/bus-tickets/cooch-behar-west-bengal-to-kolkata
NBSTC,Cooch Behar (West Bengal) to Berhampore (West Bengal),https://www.redbus.in/bus-tickets/cooch-behar-west-bengal-to-berhampore
NBSTC,Kolkata to Balurghat,https://www.redbus.in/bus-tickets/kolkata-to-balurghat
NBSTC,Balurghat to Kolkata,https://www.redbus.in/bus-tickets/balurghat-to-kolkata
NBSTC,Berhampore (West Bengal) to Cooch Behar (West Bengal),https://www.redbus.in/bus-tickets/berhampore-to-cooch-behar-west-bengal
NBSTC,Berhampore (West Bengal) to Siliguri,https://www.redbus.in/bus-tickets/berhampore-to-siliguri
NBSTC,Siliguri to Berhampore (West Bengal),https://www.redbus.in/bus-tickets/siliguri-to-berhampore
NBSTC,Malda to Cooch Behar (West Bengal),https://www.redbus.in/bus-tickets/malda-to-cooch-behar-west-bengal
NBSTC,Kolkata to Gangarampur,https://www.redbus.in/bus-tickets/kolkata-to-gangarampur
NBSTC,Gangarampur to Kolkata,https://www.redbus.in/bus-tickets/gangarampur-to-kolkata
NBSTC,Cooch Behar (West Bengal) to Malda,https://www.redbus.in/bus-tickets/cooch-behar-west-bengal-to-malda
NBSTC,Siliguri to Krishnanagar (West Bengal),https://www.redbus.in/bus-tickets/siliguri-to-krishnanagar
NBSTC,Kolkata to Siliguri,https://www.redbus.in/bus-tickets/kolkata-to-siliguri
NBSTC,Siliguri to Kolkata,https://www.redbus.in/bus-tickets/siliguri-to-kolkata
NBSTC,Siliguri to Darjeeling,https://www.redbus.in/bus-tickets/siliguri-to-darjeeling
NBSTC,Raiganj to Kolkata,https://www.redbus.in/bus-tickets/raiganj-to-kolkata
NBSTC,Kolkata to Raiganj,https://www.redbus.in/bus-tickets/kolkata-to-raiganj
NBSTC,Kolkata to Cooch Behar (West Bengal),https://www.redbus.in/bus-tickets/kolkata-to-cooch-behar-west-bengal
NBSTC,Malda to Kolkata,https://www.redbus.in/bus-tickets/malda-to-kolkata
NBSTC,Kolkata to Malda,https://www.redbus.in/bus-tickets/kolkata-to-malda
NBSTC,Cooch Behar (West Bengal) to Kolkata,https://www.redbus.in/bus-tickets/cooch-behar-west-bengal-to-kolkata
NBSTC,Cooch Behar (West Bengal) to Berhampore (West Bengal),https://www.redbus.in/bus-tickets/cooch-behar-west-bengal-to-berhampore
NBSTC,Kolkata to Balurghat,https://www.redbus.in/bus-tickets/kolkata-to-balurghat
NBSTC,Balurghat to Kolkata,https://www.redbus.in/bus-tickets/balurghat-to-kolkata
NBSTC,Berhampore (West Bengal) to Cooch Behar (West Bengal),https://www.redbus.in/bus-tickets/berhampore-to-cooch-behar-west-bengal
NBSTC,Berhampore (West Bengal) to Siliguri,https://www.redbus.in/bus-tickets/berhampore-to-siliguri
NBSTC,Siliguri to Berhampore (West Bengal),https://www.redbus.in/bus-tickets/siliguri-to-berhampore
NBSTC,Malda to Cooch Behar (West Bengal),https://www.redbus.in/bus-tickets/malda-to-cooch-behar-west-bengal
NBSTC,Kolkata to Gangarampur,https://www.redbus.in/bus-tickets/kolkata-to-gangarampur
NBSTC,Gangarampur to Kolkata,https://www.redbus.in/bus-tickets/gangarampur-to-kolkata
NBSTC,Cooch Behar (West Bengal) to Malda,https://www.redbus.in/bus-tickets/cooch-behar-west-bengal-to-malda
NBSTC,Siliguri to Krishnanagar (West Bengal),https://www.redbus.in/bus-tickets/siliguri-to-krishnanagar
NBSTC,Kolkata to Falakata (west bengal),https://www.redbus.in/bus-tickets/kolkata-to-falakata
NBSTC,Kolkata to Jalpaiguri,https://www.redbus.in/bus-tickets/kolkata-to-jalpaiguri
NBSTC,Kolkata to Farakka,https://www.redbus.in/bus-tickets/kolkata-to-farakka
NBSTC,Kolkata to Islampur (West Bengal),https://www.redbus.in/bus-tickets/kolkata-to-islampur-west-bengal
NBSTC,Cooch Behar (West Bengal) to Raiganj,https://www.redbus.in/bus-tickets/cooch-behar-west-bengal-to-raiganj
NBSTC,Berhampore (West Bengal) to Falakata (west bengal),https://www.redbus.in/bus-tickets/berhampore-to-falakata
NBSTC,Falakata (west bengal) to Berhampore (West Bengal),https://www.redbus.in/bus-tickets/falakata-to-berhampore
NBSTC,Falakata (west bengal) to Kolkata,https://www.redbus.in/bus-tickets/falakata-to-kolkata
NBSTC,Siliguri to Ranaghat,https://www.redbus.in/bus-tickets/siliguri-to-ranaghat
NBSTC,Kolkata to Buniadpur,https://www.redbus.in/bus-tickets/kolkata-to-buniadpur
NBSTC,Kolkata to Siliguri,https://www.redbus.in/bus-tickets/kolkata-to-siliguri
NBSTC,Siliguri to Kolkata,https://www.redbus.in/bus-tickets/siliguri-to-kolkata
NBSTC,Siliguri to Darjeeling,https://www.redbus.in/bus-tickets/siliguri-to-darjeeling
NBSTC,Raiganj to Kolkata,https://www.redbus.in/bus-tickets/raiganj-to-kolkata
NBSTC,Kolkata to Raiganj,https://www.redbus.in/bus-tickets/kolkata-to-raiganj
NBSTC,Kolkata to Cooch Behar (West Bengal),https://www.redbus.in/bus-tickets/kolkata-to-cooch-behar-west-bengal
NBSTC,Malda to Kolkata,https://www.redbus.in/bus-tickets/malda-to-kolkata
NBSTC,Kolkata to Malda,https://www.redbus.in/bus-tickets/kolkata-to-malda
NBSTC,Cooch Behar (West Bengal) to Kolkata,https://www.redbus.in/bus-tickets/cooch-behar-west-bengal-to-kolkata
NBSTC,Cooch Behar (West Bengal) to Berhampore (West Bengal),https://www.redbus.in/bus-tickets/cooch-behar-west-bengal-to-berhampore
NBSTC,Kolkata to Balurghat,https://www.redbus.in/bus-tickets/kolkata-to-balurghat
NBSTC,Balurghat to Kolkata,https://www.redbus.in/bus-tickets/balurghat-to-kolkata
NBSTC,Berhampore (West Bengal) to Cooch Behar (West Bengal),https://www.redbus.in/bus-tickets/berhampore-to-cooch-behar-west-bengal
NBSTC,Berhampore (West Bengal) to Siliguri,https://www.redbus.in/bus-tickets/berhampore-to-siliguri
NBSTC,Siliguri to Berhampore (West Bengal),https://www.redbus.in/bus-tickets/siliguri-to-berhampore
NBSTC,Malda to Cooch Behar (West Bengal),https://www.redbus.in/bus-tickets/malda-to-cooch-behar-west-bengal
NBSTC,Kolkata to Gangarampur,https://www.redbus.in/bus-tickets/kolkata-to-gangarampur
NBSTC,Gangarampur to Kolkata,https://www.redbus.in/bus-tickets/gangarampur-to-kolkata
NBSTC,Cooch Behar (West Bengal) to Malda,https://www.redbus.in/bus-tickets/cooch-behar-west-bengal-to-malda
NBSTC,Siliguri to Krishnanagar (West Bengal),https://www.redbus.in/bus-tickets/siliguri-to-krishnanagar
NBSTC,Kolkata to Falakata (west bengal),https://www.redbus.in/bus-tickets/kolkata-to-falakata
NBSTC,Kolkata to Jalpaiguri,https://www.redbus.in/bus-tickets/kolkata-to-jalpaiguri
NBSTC,Kolkata to Farakka,https://www.redbus.in/bus-tickets/kolkata-to-farakka
NBSTC,Kolkata to Islampur (West Bengal),https://www.redbus.in/bus-tickets/kolkata-to-islampur-west-bengal
NBSTC,Cooch Behar (West Bengal) to Raiganj,https://www.redbus.in/bus-tickets/cooch-behar-west-bengal-to-raiganj
NBSTC,Berhampore (West Bengal) to Falakata (west bengal),https://www.redbus.in/bus-tickets/berhampore-to-falakata
NBSTC,Falakata (west bengal) to Berhampore (West Bengal),https://www.redbus.in/bus-tickets/falakata-to-berhampore
NBSTC,Falakata (west bengal) to Kolkata,https://www.redbus.in/bus-tickets/falakata-to-kolkata
NBSTC,Siliguri to Ranaghat,https://www.redbus.in/bus-tickets/siliguri-to-ranaghat
NBSTC,Kolkata to Buniadpur,https://www.redbus.in/bus-tickets/kolkata-to-buniadpur
NBSTC,Kolkata to Itahar (West Bengal),https://www.redbus.in/bus-tickets/kolkata-to-itahar-west-bengal
NBSTC,Falakata (west bengal) to Malda,https://www.redbus.in/bus-tickets/falakata-to-malda
NBSTC,Buniadpur to Kolkata,https://www.redbus.in/bus-tickets/buniadpur-to-kolkata
NBSTC,Raiganj to Siliguri,https://www.redbus.in/bus-tickets/raiganj-to-siliguri
NBSTC,Gazole to Kolkata,https://www.redbus.in/bus-tickets/gazole-to-kolkata
NBSTC,Malda to Siliguri,https://www.redbus.in/bus-tickets/malda-to-siliguri
NBSTC,Kolkata to Dhupguri (West Bengal),https://www.redbus.in/bus-tickets/kolkata-to-dhupguri-west-bengal
NBSTC,Kolkata to Gazole,https://www.redbus.in/bus-tickets/kolkata-to-gazole
NBSTC,Raiganj to Krishnanagar (West Bengal),https://www.redbus.in/bus-tickets/raiganj-to-krishnanagar
NBSTC,Raiganj to Balurghat,https://www.redbus.in/bus-tickets/raiganj-to-balurghat
NBSTC,Kolkata to Siliguri,https://www.redbus.in/bus-tickets/kolkata-to-siliguri
NBSTC,Siliguri to Kolkata,https://www.redbus.in/bus-tickets/siliguri-to-kolkata
NBSTC,Siliguri to Darjeeling,https://www.redbus.in/bus-tickets/siliguri-to-darjeeling
NBSTC,Raiganj to Kolkata,https://www.redbus.in/bus-tickets/raiganj-to-kolkata
NBSTC,Kolkata to Raiganj,https://www.redbus.in/bus-tickets/kolkata-to-raiganj
NBSTC,Kolkata to Cooch Behar (West Bengal),https://www.redbus.in/bus-tickets/kolkata-to-cooch-behar-west-bengal
NBSTC,Malda to Kolkata,https://www.redbus.in/bus-tickets/malda-to-kolkata
NBSTC,Kolkata to Malda,https://www.redbus.in/bus-tickets/kolkata-to-malda
NBSTC,Cooch Behar (West Bengal) to Kolkata,https://www.redbus.in/bus-tickets/cooch-behar-west-bengal-to-kolkata
NBSTC,Cooch Behar (West Bengal) to Berhampore (West Bengal),https://www.redbus.in/bus-tickets/cooch-behar-west-bengal-to-berhampore
NBSTC,Kolkata to Balurghat,https://www.redbus.in/bus-tickets/kolkata-to-balurghat
NBSTC,Balurghat to Kolkata,https://www.redbus.in/bus-tickets/balurghat-to-kolkata
NBSTC,Berhampore (West Bengal) to Cooch Behar (West Bengal),https://www.redbus.in/bus-tickets/berhampore-to-cooch-behar-west-bengal
NBSTC,Berhampore (West Bengal) to Siliguri,https://www.redbus.in/bus-tickets/berhampore-to-siliguri
NBSTC,Siliguri to Berhampore (West Bengal),https://www.redbus.in/bus-tickets/siliguri-to-berhampore
NBSTC,Malda to Cooch Behar (West Bengal),https://www.redbus.in/bus-tickets/malda-to-cooch-behar-west-bengal
NBSTC,Kolkata to Gangarampur,https://www.redbus.in/bus-tickets/kolkata-to-gangarampur
NBSTC,Gangarampur to Kolkata,https://www.redbus.in/bus-tickets/gangarampur-to-kolkata
NBSTC,Cooch Behar (West Bengal) to Malda,https://www.redbus.in/bus-tickets/cooch-behar-west-bengal-to-malda
NBSTC,Siliguri to Krishnanagar (West Bengal),https://www.redbus.in/bus-tickets/siliguri-to-krishnanagar
NBSTC,Kolkata to Falakata (west bengal),https://www.redbus.in/bus-tickets/kolkata-to-falakata
NBSTC,Kolkata to Jalpaiguri,https://www.redbus.in/bus-tickets/kolkata-to-jalpaiguri
NBSTC,Kolkata to Farakka,https://www.redbus.in/bus-tickets/kolkata-to-farakka
NBSTC,Kolkata to Islampur (West Bengal),https://www.redbus.in/bus-tickets/kolkata-to-islampur-west-bengal
NBSTC,Cooch Behar (West Bengal) to Raiganj,https://www.redbus.in/bus-tickets/cooch-behar-west-bengal-to-raiganj
NBSTC,Berhampore (West Bengal) to Falakata (west bengal),https://www.redbus.in/bus-tickets/berhampore-to-falakata
NBSTC,Falakata (west bengal) to Berhampore (West Bengal),https://www.redbus.in/bus-tickets/falakata-to-berhampore
NBSTC,Falakata (west bengal) to Kolkata,https://www.redbus.in/bus-tickets/falakata-to-kolkata
NBSTC,Siliguri to Ranaghat,https://www.redbus.in/bus-tickets/siliguri-to-ranaghat
NBSTC,Kolkata to Buniadpur,https://www.redbus.in/bus-tickets/kolkata-to-buniadpur
NBSTC,Kolkata to Itahar (West Bengal),https://www.redbus.in/bus-tickets/kolkata-to-itahar-west-bengal
NBSTC,Falakata (west bengal) to Malda,https://www.redbus.in/bus-tickets/falakata-to-malda
NBSTC,Buniadpur to Kolkata,https://www.redbus.in/bus-tickets/buniadpur-to-kolkata
NBSTC,Raiganj to Siliguri,https://www.redbus.in/bus-tickets/raiganj-to-siliguri
NBSTC,Gazole to Kolkata,https://www.redbus.in/bus-tickets/gazole-to-kolkata
NBSTC,Malda to Siliguri,https://www.redbus.in/bus-tickets/malda-to-siliguri
NBSTC,Kolkata to Dhupguri (West Bengal),https://www.redbus.in/bus-tickets/kolkata-to-dhupguri-west-bengal
NBSTC,Kolkata to Gazole,https://www.redbus.in/bus-tickets/kolkata-to-gazole
NBSTC,Raiganj to Krishnanagar (West Bengal),https://www.redbus.in/bus-tickets/raiganj-to-krishnanagar
NBSTC,Raiganj to Balurghat,https://www.redbus.in/bus-tickets/raiganj-to-balurghat
NBSTC,Balurghat to Siliguri,https://www.redbus.in/bus-tickets/balurghat-to-siliguri
NBSTC,Siliguri to Raiganj,https://www.redbus.in/bus-tickets/siliguri-to-raiganj
NBSTC,Siliguri to Kalimpong,https://www.redbus.in/bus-tickets/siliguri-to-kalimpong
NBSTC,Cooch Behar (West Bengal) to Siliguri,https://www.redbus.in/bus-tickets/cooch-behar-west-bengal-to-siliguri
NBSTC,Siliguri to Balurghat,https://www.redbus.in/bus-tickets/siliguri-to-balurghat
NBSTC,Siliguri to Cooch Behar (West Bengal),https://www.redbus.in/bus-tickets/siliguri-to-cooch-behar-west-bengal
NBSTC,Raiganj to Barasat (West Bengal),https://www.redbus.in/bus-tickets/raiganj-to-barasat-west-bengal
NBSTC,Kolkata to Kishanganj,https://www.redbus.in/bus-tickets/kolkata-to-kishanganj
NBSTC,Siliguri to Barasat (West Bengal),https://www.redbus.in/bus-tickets/siliguri-to-barasat-west-bengal
KTCL,Pune to Goa,https://www.redbus.in/bus-tickets/pune-to-goa
KTCL,Goa to Pune,https://www.redbus.in/bus-tickets/goa-to-pune
KTCL,Mumbai to Goa,https://www.redbus.in/bus-tickets/mumbai-to-goa
KTCL,Goa to Mumbai,https://www.redbus.in/bus-tickets/goa-to-mumbai
KTCL,Belagavi to Goa,https://www.redbus.in/bus-tickets/belagavi-to-goa
KTCL,Bangalore to Goa,https://www.redbus.in/bus-tickets/bangalore-to-goa
KTCL,Goa to Bangalore,https://www.redbus.in/bus-tickets/goa-to-bangalore
KTCL,Pandharpur to Goa,https://www.redbus.in/bus-tickets/pandharpur-to-goa
KTCL,Goa to Belagavi,https://www.redbus.in/bus-tickets/goa-to-belagavi
KTCL,Goa to Kolhapur(Maharashtra),https://www.redbus.in/bus-tickets/goa-to-kolhapur-maharashtra
KTCL,Pune to Goa,https://www.redbus.in/bus-tickets/pune-to-goa
KTCL,Goa to Pune,https://www.redbus.in/bus-tickets/goa-to-pune
KTCL,Mumbai to Goa,https://www.redbus.in/bus-tickets/mumbai-to-goa
KTCL,Goa to Mumbai,https://www.redbus.in/bus-tickets/goa-to-mumbai
KTCL,Belagavi to Goa,https://www.redbus.in/bus-tickets/belagavi-to-goa
KTCL,Bangalore to Goa,https://www.redbus.in/bus-tickets/bangalore-to-goa
KTCL,Goa to Bangalore,https://www.redbus.in/bus-tickets/goa-to-bangalore
KTCL,Pandharpur to Goa,https://www.redbus.in/bus-tickets/pandharpur-to-goa
KTCL,Goa to Belagavi,https://www.redbus.in/bus-tickets/goa-to-belagavi
KTCL,Goa to Kolhapur(Maharashtra),https://www.redbus.in/bus-tickets/goa-to-kolhapur-maharashtra
KTCL,Solapur to Goa,https://www.redbus.in/bus-tickets/solapur-to-goa
KTCL,Goa to Pandharpur,https://www.redbus.in/bus-tickets/goa-to-pandharpur
KTCL,Goa to Solapur,https://www.redbus.in/bus-tickets/goa-to-solapur
KTCL,Calangute (goa) to Goa Airport,https://www.redbus.in/bus-tickets/calangute-goa-to-goa-airport
KTCL,Goa to Sangola (Solapur),https://www.redbus.in/bus-tickets/goa-to-sangola
KTCL,Sangola (Solapur) to Goa,https://www.redbus.in/bus-tickets/sangola-to-goa
KTCL,Calangute (goa) to Mopa Airport,https://www.redbus.in/bus-tickets/calangute-goa-to-mopa-airport
KTCL,Goa Airport to Calangute (goa),https://www.redbus.in/bus-tickets/goa-airport-to-calangute-goa
KTCL,Mopa Airport to Calangute (goa),https://www.redbus.in/bus-tickets/mopa-airport-to-calangute-goa
KTCL,Shivamogga to Goa,https://www.redbus.in/bus-tickets/shimoga-to-goa
KTCL,Pune to Goa,https://www.redbus.in/bus-tickets/pune-to-goa
KTCL,Goa to Pune,https://www.redbus.in/bus-tickets/goa-to-pune
KTCL,Mumbai to Goa,https://www.redbus.in/bus-tickets/mumbai-to-goa
KTCL,Goa to Mumbai,https://www.redbus.in/bus-tickets/goa-to-mumbai
KTCL,Belagavi to Goa,https://www.redbus.in/bus-tickets/belagavi-to-goa
KTCL,Bangalore to Goa,https://www.redbus.in/bus-tickets/bangalore-to-goa
KTCL,Goa to Bangalore,https://www.redbus.in/bus-tickets/goa-to-bangalore
KTCL,Pandharpur to Goa,https://www.redbus.in/bus-tickets/pandharpur-to-goa
KTCL,Goa to Belagavi,https://www.redbus.in/bus-tickets/goa-to-belagavi
KTCL,Goa to Kolhapur(Maharashtra),https://www.redbus.in/bus-tickets/goa-to-kolhapur-maharashtra
KTCL,Solapur to Goa,https://www.redbus.in/bus-tickets/solapur-to-goa
KTCL,Goa to Pandharpur,https://www.redbus.in/bus-tickets/goa-to-pandharpur
KTCL,Goa to Solapur,https://www.redbus.in/bus-tickets/goa-to-solapur
KTCL,Calangute (goa) to Goa Airport,https://www.redbus.in/bus-tickets/calangute-goa-to-goa-airport
KTCL,Goa to Sangola (Solapur),https://www.redbus.in/bus-tickets/goa-to-sangola
KTCL,Sangola (Solapur) to Goa,https://www.redbus.in/bus-tickets/sangola-to-goa
KTCL,Calangute (goa) to Mopa Airport,https://www.redbus.in/bus-tickets/calangute-goa-to-mopa-airport
KTCL,Goa Airport to Calangute (goa),https://www.redbus.in/bus-tickets/goa-airport-to-calangute-goa
KTCL,Mopa Airport to Calangute (goa),https://www.redbus.in/bus-tickets/mopa-airport-to-calangute-goa
KTCL,Shivamogga to Goa,https://www.redbus.in/bus-tickets/shimoga-to-goa
KTCL,Marcel to Belagavi,https://www.redbus.in/bus-tickets/marcel-to-belagavi
KTCL,Ponda to Belagavi,https://www.redbus.in/bus-tickets/ponda-to-belagavi
KTCL,Belagavi to Marcel,https://www.redbus.in/bus-tickets/belagavi-to-marcel
KTCL,Belagavi to Ponda,https://www.redbus.in/bus-tickets/belagavi-to-ponda
KTCL,Panaji to Goa Airport,https://www.redbus.in/bus-tickets/panaji-to-goa-airport
KTCL,Goa to Sangli,https://www.redbus.in/bus-tickets/goa-to-sangli
KTCL,Goa to Mopa Airport,https://www.redbus.in/bus-tickets/goa-to-mopa-airport
KTCL,Goa to Miraj,https://www.redbus.in/bus-tickets/goa-to-miraj
KTCL,Margao to Mopa Airport,https://www.redbus.in/bus-tickets/margoa-to-mopa-airport
KTCL,Mopa Airport to Goa,https://www.redbus.in/bus-tickets/mopa-airport-to-goa
KTCL,Pune to Goa,https://www.redbus.in/bus-tickets/pune-to-goa
KTCL,Goa to Pune,https://www.redbus.in/bus-tickets/goa-to-pune
KTCL,Mumbai to Goa,https://www.redbus.in/bus-tickets/mumbai-to-goa
KTCL,Goa to Mumbai,https://www.redbus.in/bus-tickets/goa-to-mumbai
KTCL,Belagavi to Goa,https://www.redbus.in/bus-tickets/belagavi-to-goa
KTCL,Bangalore to Goa,https://www.redbus.in/bus-tickets/bangalore-to-goa
KTCL,Goa to Bangalore,https://www.redbus.in/bus-tickets/goa-to-bangalore
KTCL,Pandharpur to Goa,https://www.redbus.in/bus-tickets/pandharpur-to-goa
KTCL,Goa to Belagavi,https://www.redbus.in/bus-tickets/goa-to-belagavi
KTCL,Goa to Kolhapur(Maharashtra),https://www.redbus.in/bus-tickets/goa-to-kolhapur-maharashtra
KTCL,Solapur to Goa,https://www.redbus.in/bus-tickets/solapur-to-goa
KTCL,Goa to Pandharpur,https://www.redbus.in/bus-tickets/goa-to-pandharpur
KTCL,Goa to Solapur,https://www.redbus.in/bus-tickets/goa-to-solapur
KTCL,Calangute (goa) to Goa Airport,https://www.redbus.in/bus-tickets/calangute-goa-to-goa-airport
KTCL,Goa to Sangola (Solapur),https://www.redbus.in/bus-tickets/goa-to-sangola
KTCL,Sangola (Solapur) to Goa,https://www.redbus.in/bus-tickets/sangola-to-goa
KTCL,Calangute (goa) to Mopa Airport,https://www.redbus.in/bus-tickets/calangute-goa-to-mopa-airport
KTCL,Goa Airport to Calangute (goa),https://www.redbus.in/bus-tickets/goa-airport-to-calangute-goa
KTCL,Mopa Airport to Calangute (goa),https://www.redbus.in/bus-tickets/mopa-airport-to-calangute-goa
KTCL,Shivamogga to Goa,https://www.redbus.in/bus-tickets/shimoga-to-goa
KTCL,Marcel to Belagavi,https://www.redbus.in/bus-tickets/marcel-to-belagavi
KTCL,Ponda to Belagavi,https://www.redbus.in/bus-tickets/ponda-to-belagavi
KTCL,Belagavi to Marcel,https://www.redbus.in/bus-tickets/belagavi-to-marcel
KTCL,Belagavi to Ponda,https://www.redbus.in/bus-tickets/belagavi-to-ponda
KTCL,Panaji to Goa Airport,https://www.redbus.in/bus-tickets/panaji-to-goa-airport
KTCL,Goa to Sangli,https://www.redbus.in/bus-tickets/goa-to-sangli
KTCL,Goa to Mopa Airport,https://www.redbus.in/bus-tickets/goa-to-mopa-airport
KTCL,Goa to Miraj,https://www.redbus.in/bus-tickets/goa-to-miraj
KTCL,Margao to Mopa Airport,https://www.redbus.in/bus-tickets/margoa-to-mopa-airport
KTCL,Mopa Airport to Goa,https://www.redbus.in/bus-tickets/mopa-airport-to-goa
KTCL,Mopa Airport to Margao,https://www.redbus.in/bus-tickets/mopa-airport-to-margoa
KTCL,Goa Airport to Panaji,https://www.redbus.in/bus-tickets/goa-airport-to-panaji
KTCL,Shirdi to Goa,https://www.redbus.in/bus-tickets/shirdi-to-goa
KTCL,Goa to Shivamogga,https://www.redbus.in/bus-tickets/goa-to-shimoga
KTCL,Goa to Satara,https://www.redbus.in/bus-tickets/goa-to-satara
KTCL,Panaji to Mopa Airport,https://www.redbus.in/bus-tickets/panaji-to-mopa-airport
KTCL,Saquelim to Belagavi,https://www.redbus.in/bus-tickets/saquelim-to-belagavi
KTCL,Goa to Goa Airport,https://www.redbus.in/bus-tickets/goa-to-goa-airport
KTCL,Goa to Shirdi,https://www.redbus.in/bus-tickets/goa-to-shirdi
KTCL,Goa Airport to Goa,https://www.redbus.in/bus-tickets/goa-airport-to-goa
KTCL,Pune to Goa,https://www.redbus.in/bus-tickets/pune-to-goa
KTCL,Goa to Pune,https://www.redbus.in/bus-tickets/goa-to-pune
KTCL,Mumbai to Goa,https://www.redbus.in/bus-tickets/mumbai-to-goa
KTCL,Goa to Mumbai,https://www.redbus.in/bus-tickets/goa-to-mumbai
KTCL,Belagavi to Goa,https://www.redbus.in/bus-tickets/belagavi-to-goa
KTCL,Bangalore to Goa,https://www.redbus.in/bus-tickets/bangalore-to-goa
KTCL,Goa to Bangalore,https://www.redbus.in/bus-tickets/goa-to-bangalore
KTCL,Pandharpur to Goa,https://www.redbus.in/bus-tickets/pandharpur-to-goa
KTCL,Goa to Belagavi,https://www.redbus.in/bus-tickets/goa-to-belagavi
KTCL,Goa to Kolhapur(Maharashtra),https://www.redbus.in/bus-tickets/goa-to-kolhapur-maharashtra
KTCL,Solapur to Goa,https://www.redbus.in/bus-tickets/solapur-to-goa
KTCL,Goa to Pandharpur,https://www.redbus.in/bus-tickets/goa-to-pandharpur
KTCL,Goa to Solapur,https://www.redbus.in/bus-tickets/goa-to-solapur
KTCL,Calangute (goa) to Goa Airport,https://www.redbus.in/bus-tickets/calangute-goa-to-goa-airport
KTCL,Goa to Sangola (Solapur),https://www.redbus.in/bus-tickets/goa-to-sangola
KTCL,Sangola (Solapur) to Goa,https://www.redbus.in/bus-tickets/sangola-to-goa
KTCL,Calangute (goa) to Mopa Airport,https://www.redbus.in/bus-tickets/calangute-goa-to-mopa-airport
KTCL,Goa Airport to Calangute (goa),https://www.redbus.in/bus-tickets/goa-airport-to-calangute-goa
KTCL,Mopa Airport to Calangute (goa),https://www.redbus.in/bus-tickets/mopa-airport-to-calangute-goa
KTCL,Shivamogga to Goa,https://www.redbus.in/bus-tickets/shimoga-to-goa
KTCL,Marcel to Belagavi,https://www.redbus.in/bus-tickets/marcel-to-belagavi
KTCL,Ponda to Belagavi,https://www.redbus.in/bus-tickets/ponda-to-belagavi
KTCL,Belagavi to Marcel,https://www.redbus.in/bus-tickets/belagavi-to-marcel
KTCL,Belagavi to Ponda,https://www.redbus.in/bus-tickets/belagavi-to-ponda
KTCL,Panaji to Goa Airport,https://www.redbus.in/bus-tickets/panaji-to-goa-airport
KTCL,Goa to Sangli,https://www.redbus.in/bus-tickets/goa-to-sangli
KTCL,Goa to Mopa Airport,https://www.redbus.in/bus-tickets/goa-to-mopa-airport
KTCL,Goa to Miraj,https://www.redbus.in/bus-tickets/goa-to-miraj
KTCL,Margao to Mopa Airport,https://www.redbus.in/bus-tickets/margoa-to-mopa-airport
KTCL,Mopa Airport to Goa,https://www.redbus.in/bus-tickets/mopa-airport-to-goa
KTCL,Mopa Airport to Margao,https://www.redbus.in/bus-tickets/mopa-airport-to-margoa
KTCL,Goa Airport to Panaji,https://www.redbus.in/bus-tickets/goa-airport-to-panaji
KTCL,Shirdi to Goa,https://www.redbus.in/bus-tickets/shirdi-to-goa
KTCL,Goa to Shivamogga,https://www.redbus.in/bus-tickets/goa-to-shimoga
KTCL,Goa to Satara,https://www.redbus.in/bus-tickets/goa-to-satara
KTCL,Panaji to Mopa Airport,https://www.redbus.in/bus-tickets/panaji-to-mopa-airport
KTCL,Saquelim to Belagavi,https://www.redbus.in/bus-tickets/saquelim-to-belagavi
KTCL,Goa to Goa Airport,https://www.redbus.in/bus-tickets/goa-to-goa-airport
KTCL,Goa to Shirdi,https://www.redbus.in/bus-tickets/goa-to-shirdi
KTCL,Goa Airport to Goa,https://www.redbus.in/bus-tickets/goa-airport-to-goa
KTCL,Calangute (goa) to Goa,https://www.redbus.in/bus-tickets/calangute-goa-to-goa
KTCL,Mopa Airport to Panaji,https://www.redbus.in/bus-tickets/mopa-airport-to-panaji
KTCL,Goa to Calangute (goa),https://www.redbus.in/bus-tickets/goa-to-calangute-goa
KTCL,Belagavi to Saquelim,https://www.redbus.in/bus-tickets/belagavi-to-saquelim
KTCL,Calangute (goa) to Panaji,https://www.redbus.in/bus-tickets/calangute-goa-to-panaji
JKSRTC,Delhi to Srinagar,https://www.redbus.in/bus-tickets/delhi-to-srinagar
JKSRTC,Jammu (j and k) to Katra (jammu and kashmir),https://www.redbus.in/bus-tickets/jammu-to-katra
JKSRTC,Katra (jammu and kashmir) to Jammu (j and k),https://www.redbus.in/bus-tickets/katra-to-jammu
PEPSU,Delhi to Patiala,https://www.redbus.in/bus-tickets/delhi-to-patiala
PEPSU,Patiala to Delhi,https://www.redbus.in/bus-tickets/patiala-to-delhi
PEPSU,Ludhiana to Delhi,https://www.redbus.in/bus-tickets/ludhiana-to-delhi
PEPSU,Delhi to Ludhiana,https://www.redbus.in/bus-tickets/delhi-to-ludhiana
PEPSU,Ludhiana to Delhi Airport,https://www.redbus.in/bus-tickets/ludhiana-to-delhi-airport
PEPSU,Delhi to Jalandhar,https://www.redbus.in/bus-tickets/delhi-to-jalandhar
PEPSU,Delhi Airport to Patiala,https://www.redbus.in/bus-tickets/delhi-airport-to-patiala
PEPSU,Chandigarh to Patiala,https://www.redbus.in/bus-tickets/chandigarh-to-patiala
PEPSU,Jalandhar to Delhi,https://www.redbus.in/bus-tickets/jalandhar-to-delhi
PEPSU,Delhi Airport to Ludhiana,https://www.redbus.in/bus-tickets/delhi-airport-to-ludhiana
PEPSU,Delhi to Patiala,https://www.redbus.in/bus-tickets/delhi-to-patiala
PEPSU,Patiala to Delhi,https://www.redbus.in/bus-tickets/patiala-to-delhi
PEPSU,Ludhiana to Delhi,https://www.redbus.in/bus-tickets/ludhiana-to-delhi
PEPSU,Delhi to Ludhiana,https://www.redbus.in/bus-tickets/delhi-to-ludhiana
PEPSU,Ludhiana to Delhi Airport,https://www.redbus.in/bus-tickets/ludhiana-to-delhi-airport
PEPSU,Delhi to Jalandhar,https://www.redbus.in/bus-tickets/delhi-to-jalandhar
PEPSU,Delhi Airport to Patiala,https://www.redbus.in/bus-tickets/delhi-airport-to-patiala
PEPSU,Chandigarh to Patiala,https://www.redbus.in/bus-tickets/chandigarh-to-patiala
PEPSU,Jalandhar to Delhi,https://www.redbus.in/bus-tickets/jalandhar-to-delhi
PEPSU,Delhi Airport to Ludhiana,https://www.redbus.in/bus-tickets/delhi-airport-to-ludhiana
PEPSU,Jalandhar to Delhi Airport,https://www.redbus.in/bus-tickets/jalandhar-to-delhi-airport
PEPSU,Chandigarh to Bathinda,https://www.redbus.in/bus-tickets/chandigarh-to-bathinda
PEPSU,Phagwara to Delhi,https://www.redbus.in/bus-tickets/phagwara-to-delhi
PEPSU,Delhi Airport to Jalandhar,https://www.redbus.in/bus-tickets/delhi-airport-to-jalandhar
PEPSU,Delhi to Amritsar,https://www.redbus.in/bus-tickets/delhi-to-amritsar
PEPSU,Phagwara to Delhi Airport,https://www.redbus.in/bus-tickets/phagwara-to-delhi-airport
PEPSU,Delhi to Phagwara,https://www.redbus.in/bus-tickets/delhi-to-phagwara
PEPSU,Amritsar to Delhi,https://www.redbus.in/bus-tickets/amritsar-to-delhi
PEPSU,Delhi Airport to Phagwara,https://www.redbus.in/bus-tickets/delhi-airport-to-phagwara
PEPSU,Amritsar to Delhi Airport,https://www.redbus.in/bus-tickets/amritsar-to-delhi-airport
PEPSU,Delhi to Patiala,https://www.redbus.in/bus-tickets/delhi-to-patiala
PEPSU,Patiala to Delhi,https://www.redbus.in/bus-tickets/patiala-to-delhi
PEPSU,Ludhiana to Delhi,https://www.redbus.in/bus-tickets/ludhiana-to-delhi
PEPSU,Delhi to Ludhiana,https://www.redbus.in/bus-tickets/delhi-to-ludhiana
PEPSU,Ludhiana to Delhi Airport,https://www.redbus.in/bus-tickets/ludhiana-to-delhi-airport
PEPSU,Delhi to Jalandhar,https://www.redbus.in/bus-tickets/delhi-to-jalandhar
PEPSU,Delhi Airport to Patiala,https://www.redbus.in/bus-tickets/delhi-airport-to-patiala
PEPSU,Chandigarh to Patiala,https://www.redbus.in/bus-tickets/chandigarh-to-patiala
PEPSU,Jalandhar to Delhi,https://www.redbus.in/bus-tickets/jalandhar-to-delhi
PEPSU,Delhi Airport to Ludhiana,https://www.redbus.in/bus-tickets/delhi-airport-to-ludhiana
PEPSU,Jalandhar to Delhi Airport,https://www.redbus.in/bus-tickets/jalandhar-to-delhi-airport
PEPSU,Chandigarh to Bathinda,https://www.redbus.in/bus-tickets/chandigarh-to-bathinda
PEPSU,Phagwara to Delhi,https://www.redbus.in/bus-tickets/phagwara-to-delhi
PEPSU,Delhi Airport to Jalandhar,https://www.redbus.in/bus-tickets/delhi-airport-to-jalandhar
PEPSU,Delhi to Amritsar,https://www.redbus.in/bus-tickets/delhi-to-amritsar
PEPSU,Phagwara to Delhi Airport,https://www.redbus.in/bus-tickets/phagwara-to-delhi-airport
PEPSU,Delhi to Phagwara,https://www.redbus.in/bus-tickets/delhi-to-phagwara
PEPSU,Amritsar to Delhi,https://www.redbus.in/bus-tickets/amritsar-to-delhi
PEPSU,Delhi Airport to Phagwara,https://www.redbus.in/bus-tickets/delhi-airport-to-phagwara
PEPSU,Amritsar to Delhi Airport,https://www.redbus.in/bus-tickets/amritsar-to-delhi-airport
PEPSU,Delhi Airport to Kapurthala,https://www.redbus.in/bus-tickets/delhi-airport-to-kapurthala
PEPSU,Amritsar to Patiala,https://www.redbus.in/bus-tickets/amritsar-to-patiala
PEPSU,Patiala to Amritsar,https://www.redbus.in/bus-tickets/patiala-to-amritsar
RSRTC,Jodhpur to Ajmer,https://www.redbus.in/bus-tickets/jodhpur-to-ajmer
RSRTC,Beawar (Rajasthan) to Jaipur (Rajasthan),https://www.redbus.in/bus-tickets/beawer-to-jaipur
RSRTC,Udaipur to Jodhpur,https://www.redbus.in/bus-tickets/udaipur-to-jodhpur
RSRTC,Jaipur (Rajasthan) to Jodhpur,https://www.redbus.in/bus-tickets/jaipur-to-jodhpur
RSRTC,Sikar to Jaipur (Rajasthan),https://www.redbus.in/bus-tickets/sikar-to-jaipur
RSRTC,Aligarh (uttar pradesh) to Jaipur (Rajasthan),https://www.redbus.in/bus-tickets/aligarh-uttar-pradesh-to-jaipur
RSRTC,Kota(Rajasthan) to Jaipur (Rajasthan),https://www.redbus.in/bus-tickets/kota-rajasthan-to-jaipur
RSRTC,Jaipur (Rajasthan) to Pilani,https://www.redbus.in/bus-tickets/jaipur-to-pilani
RSRTC,Jaipur (Rajasthan) to Aligarh (uttar pradesh),https://www.redbus.in/bus-tickets/jaipur-to-aligarh-uttar-pradesh
RSRTC,Kishangarh to Jaipur (Rajasthan),https://www.redbus.in/bus-tickets/kishangarh-to-jaipur
RSRTC,Jodhpur to Ajmer,https://www.redbus.in/bus-tickets/jodhpur-to-ajmer
RSRTC,Beawar (Rajasthan) to Jaipur (Rajasthan),https://www.redbus.in/bus-tickets/beawer-to-jaipur
RSRTC,Udaipur to Jodhpur,https://www.redbus.in/bus-tickets/udaipur-to-jodhpur
RSRTC,Jaipur (Rajasthan) to Jodhpur,https://www.redbus.in/bus-tickets/jaipur-to-jodhpur
RSRTC,Sikar to Jaipur (Rajasthan),https://www.redbus.in/bus-tickets/sikar-to-jaipur
RSRTC,Aligarh (uttar pradesh) to Jaipur (Rajasthan),https://www.redbus.in/bus-tickets/aligarh-uttar-pradesh-to-jaipur
RSRTC,Kota(Rajasthan) to Jaipur (Rajasthan),https://www.redbus.in/bus-tickets/kota-rajasthan-to-jaipur
RSRTC,Jaipur (Rajasthan) to Pilani,https://www.redbus.in/bus-tickets/jaipur-to-pilani
RSRTC,Jaipur (Rajasthan) to Aligarh (uttar pradesh),https://www.redbus.in/bus-tickets/jaipur-to-aligarh-uttar-pradesh
RSRTC,Kishangarh to Jaipur (Rajasthan),https://www.redbus.in/bus-tickets/kishangarh-to-jaipur
RSRTC,Sikar to Bikaner,https://www.redbus.in/bus-tickets/sikar-to-bikaner
RSRTC,Jodhpur to Beawar (Rajasthan),https://www.redbus.in/bus-tickets/jodhpur-to-beawer
RSRTC,Udaipur to Pali (Rajasthan),https://www.redbus.in/bus-tickets/udaipur-to-pali-rajasthan
RSRTC,Jaipur (Rajasthan) to Kota(Rajasthan),https://www.redbus.in/bus-tickets/jaipur-to-kota-rajasthan
RSRTC,Kota(Rajasthan) to Udaipur,https://www.redbus.in/bus-tickets/kota-rajasthan-to-udaipur
RSRTC,Jaipur (Rajasthan) to Bharatpur,https://www.redbus.in/bus-tickets/jaipur-to-bharatpur
RSRTC,Jaipur (Rajasthan) to Mathura,https://www.redbus.in/bus-tickets/jaipur-to-mathura
RSRTC,Bikaner to Sikar,https://www.redbus.in/bus-tickets/bikaner-to-sikar
RSRTC,Pali (Rajasthan) to Udaipur,https://www.redbus.in/bus-tickets/pali-to-udaipur
RSRTC,Udaipur to Jaipur (Rajasthan),https://www.redbus.in/bus-tickets/udaipur-to-jaipur
WBSTC,Digha to Kolkata,https://www.redbus.in/bus-tickets/digha-to-kolkata
WBSTC,Kolkata to Digha,https://www.redbus.in/bus-tickets/kolkata-to-digha
WBSTC,Mandarmani to Kolkata,https://www.redbus.in/bus-tickets/mandarmani-to-kolkata
WBSTC,Kolkata to Mandarmani,https://www.redbus.in/bus-tickets/kolkata-to-mandarmani
KSRTC,Bangalore to Kozhikode,https://www.redbus.in/bus-tickets/bangalore-to-kozhikode
KSRTC,Kozhikode to Ernakulam,https://www.redbus.in/bus-tickets/kozhikode-to-ernakulam
KSRTC,Kozhikode to Bangalore,https://www.redbus.in/bus-tickets/kozhikode-to-bangalore
KSRTC,Ernakulam to Kozhikode,https://www.redbus.in/bus-tickets/ernakulam-to-kozhikode
KSRTC,Mysore to Kozhikode,https://www.redbus.in/bus-tickets/mysore-to-kozhikode
KSRTC,Kozhikode to Mysore,https://www.redbus.in/bus-tickets/kozhikode-to-mysore
KSRTC,Kozhikode to Thrissur,https://www.redbus.in/bus-tickets/kozhikode-to-thrissur
KSRTC,Kozhikode to Thiruvananthapuram,https://www.redbus.in/bus-tickets/kozhikode-to-thiruvananthapuram
KSRTC,Kozhikode to Kottayam,https://www.redbus.in/bus-tickets/kozhikode-to-kottayam
KSRTC,Thrissur to Kozhikode,https://www.redbus.in/bus-tickets/thrissur-to-kozhikode
KSRTC,Bangalore to Kozhikode,https://www.redbus.in/bus-tickets/bangalore-to-kozhikode
KSRTC,Kozhikode to Ernakulam,https://www.redbus.in/bus-tickets/kozhikode-to-ernakulam
KSRTC,Kozhikode to Bangalore,https://www.redbus.in/bus-tickets/kozhikode-to-bangalore
KSRTC,Ernakulam to Kozhikode,https://www.redbus.in/bus-tickets/ernakulam-to-kozhikode
KSRTC,Mysore to Kozhikode,https://www.redbus.in/bus-tickets/mysore-to-kozhikode
KSRTC,Kozhikode to Mysore,https://www.redbus.in/bus-tickets/kozhikode-to-mysore
KSRTC,Kozhikode to Thrissur,https://www.redbus.in/bus-tickets/kozhikode-to-thrissur
KSRTC,Kozhikode to Thiruvananthapuram,https://www.redbus.in/bus-tickets/kozhikode-to-thiruvananthapuram
KSRTC,Kozhikode to Kottayam,https://www.redbus.in/bus-tickets/kozhikode-to-kottayam
KSRTC,Thrissur to Kozhikode,https://www.redbus.in/bus-tickets/thrissur-to-kozhikode
KSRTC,Bangalore to Kalpetta (kerala),https://www.redbus.in/bus-tickets/bangalore-to-kalpetta
KSRTC,Bangalore to Kannur (Kerala),https://www.redbus.in/bus-tickets/bangalore-to-kannur
KSRTC,Kalpetta (kerala) to Bangalore,https://www.redbus.in/bus-tickets/kalpetta-to-bangalore
KSRTC,Kottayam to Kozhikode,https://www.redbus.in/bus-tickets/kottayam-to-kozhikode
KSRTC,Thiruvananthapuram to Kozhikode,https://www.redbus.in/bus-tickets/thiruvananthapuram-to-kozhikode
KSRTC,Kannur (Kerala) to Bangalore,https://www.redbus.in/bus-tickets/kannur-to-bangalore
KSRTC,Kozhikode to Aluva,https://www.redbus.in/bus-tickets/kozhikode-to-aluva
